{
  "epoch": 1,
  "train_loss": 0.046067523073213816,
  "train_logs": {
    "loss_pad": 0.000507460325025022,
    "loss_spoof": 0.027735896408557892,
    "loss_illum": 0.9637102484703064,
    "loss_env": 0.3246917724609375,
    "loss_proto": 0.00042525131721049547,
    "loss_total": 0.13768969476222992
  },
  "val_metrics": {
    "acc": 0.998788898924378,
    "precision": 0.9996657449329971,
    "recall": 0.9985430704789656,
    "f1": 0.9991040923240453,
    "auc": 0.9999914119378528,
    "apcer": 0.0014569295210344199,
    "bpcer": 0.0006975269499048827,
    "acer": 0.0010772282354696513,
    "threshold": 0.274,
    "tn": 15759,
    "fp": 11,
    "fn": 48,
    "tp": 32898
  }
}