{
  "epoch": 4,
  "train_loss": 0.018549157901780633,
  "train_logs": {
    "loss_pad": 0.0011098164832219481,
    "loss_spoof": 1.5363059043884277,
    "loss_illum": 1.0884071588516235,
    "loss_env": 0.167832612991333,
    "loss_proto": 0.0008151667425408959,
    "loss_total": 0.5876663327217102
  },
  "val_metrics": {
    "acc": 0.9964282781837589,
    "precision": 0.9995731707317074,
    "recall": 0.9951435682632186,
    "f1": 0.9973534511605269,
    "auc": 0.9999709849760494,
    "apcer": 0.0048564317367814,
    "bpcer": 0.0008877615726062143,
    "acer": 0.002872096654693807,
    "threshold": 0.47700000000000004,
    "tn": 15756,
    "fp": 14,
    "fn": 160,
    "tp": 32786
  }
}