{
  "checkpoint": "outputs\\runs\\ablation_attr\\best.pt",
  "threshold": 0.785,
  "threshold_source": "val_best_metrics",
  "splits": {
    "val": {
      "split": "val",
      "metrics_at_checkpoint_threshold": {
        "acc": 0.9990146974300025,
        "precision": 0.9994231236337139,
        "recall": 0.9991197717477084,
        "f1": 0.9992714246683464,
        "auc": 0.9999890772629574,
        "apcer": 0.0008802282522916287,
        "bpcer": 0.0012048192771084338,
        "acer": 0.0010425237647000312,
        "threshold": 0.785,
        "tn": 15751,
        "fp": 19,
        "fn": 29,
        "tp": 32917
      },
      "metrics_at_0_5": {
        "acc": 0.9988915346087528,
        "precision": 0.9989078995267565,
        "recall": 0.9994536514296121,
        "f1": 0.9991807009558489,
        "auc": 0.9999890772629574,
        "apcer": 0.0005463485703879075,
        "bpcer": 0.0022828154724159797,
        "acer": 0.0014145820214019435,
        "threshold": 0.5,
        "tn": 15734,
        "fp": 36,
        "fn": 18,
        "tp": 32928
      },
      "best_threshold_on_split": 0.785,
      "metrics_at_best_split_threshold": {
        "acc": 0.9990146974300025,
        "precision": 0.9994231236337139,
        "recall": 0.9991197717477084,
        "f1": 0.9992714246683464,
        "auc": 0.9999890772629574,
        "apcer": 0.0008802282522916287,
        "bpcer": 0.0012048192771084338,
        "acer": 0.0010425237647000312,
        "threshold": 0.785,
        "tn": 15751,
        "fp": 19,
        "fn": 29,
        "tp": 32917
      },
      "score_summary": {
        "count": 48716,
        "score_min": 2.5606448161852313e-06,
        "score_p01": 5.9020090930062e-06,
        "score_p05": 1.119875719268748e-05,
        "score_p50": 0.999983549118042,
        "score_p95": 0.9999997615814209,
        "score_p99": 0.9999998807907104,
        "score_max": 1.0,
        "live_count": 15770,
        "live_mean": 0.003163791397440895,
        "live_p05": 6.768133971490897e-06,
        "live_p50": 3.408853990549687e-05,
        "live_p95": 0.0008868477190844702,
        "spoof_count": 32946,
        "spoof_mean": 0.9991807737325262,
        "spoof_p05": 0.999770849943161,
        "spoof_p50": 0.9999960660934448,
        "spoof_p95": 0.9999997615814209
      }
    },
    "test": {
      "split": "test",
      "metrics_at_checkpoint_threshold": {
        "acc": 0.8361322018758375,
        "precision": 0.9994212005953366,
        "recall": 0.767477300146041,
        "f1": 0.8682254067449628,
        "auc": 0.9966250060404366,
        "apcer": 0.232522699853959,
        "bpcer": 0.0010540581237765397,
        "acer": 0.11678837898886776,
        "threshold": 0.785,
        "tn": 19902,
        "fp": 21,
        "fn": 10986,
        "tp": 36261
      },
      "metrics_at_0_5": {
        "acc": 0.8622003870775644,
        "precision": 0.9990541996164254,
        "recall": 0.8048553347302474,
        "f1": 0.891501582463955,
        "auc": 0.9966250060404366,
        "apcer": 0.19514466526975258,
        "bpcer": 0.0018069567836169252,
        "acer": 0.09847581102668475,
        "threshold": 0.5,
        "tn": 19887,
        "fp": 36,
        "fn": 9220,
        "tp": 38027
      },
      "best_threshold_on_split": 0.002,
      "metrics_at_best_split_threshold": {
        "acc": 0.9704034539228822,
        "precision": 0.9886842162092124,
        "recall": 0.9690139056448028,
        "f1": 0.9787502405028112,
        "auc": 0.9966250060404366,
        "apcer": 0.030986094355197155,
        "bpcer": 0.026301259850424134,
        "acer": 0.028643677102810645,
        "threshold": 0.002,
        "tn": 19399,
        "fp": 524,
        "fn": 1464,
        "tp": 45783
      },
      "score_summary": {
        "count": 67170,
        "score_min": 2.6355692170909606e-06,
        "score_p01": 5.437273880488647e-06,
        "score_p05": 9.976230239772122e-06,
        "score_p50": 0.9535491168498993,
        "score_p95": 0.9999969005584717,
        "score_p99": 0.9999990463256836,
        "score_max": 0.9999998807907104,
        "live_count": 19923,
        "live_mean": 0.0025073391896727765,
        "live_p05": 6.058320514057413e-06,
        "live_p50": 2.9016706321272068e-05,
        "live_p95": 0.0006475749716628287,
        "spoof_count": 47247,
        "spoof_mean": 0.8020186133670022,
        "spoof_p05": 0.004598145512863994,
        "spoof_p50": 0.9993277788162231,
        "spoof_p95": 0.9999978542327881
      }
    }
  },
  "threshold_policy_comparison": [
    {
      "policy": "fixed_0_5",
      "threshold": 0.5,
      "threshold_source": "fixed",
      "val_acc": 0.9988915346087528,
      "val_precision": 0.9989078995267565,
      "val_recall": 0.9994536514296121,
      "val_f1": 0.9991807009558489,
      "val_auc": 0.9999890772629574,
      "val_apcer": 0.0005463485703879075,
      "val_bpcer": 0.0022828154724159797,
      "val_acer": 0.0014145820214019435,
      "val_threshold": 0.5,
      "val_tn": 15734,
      "val_fp": 36,
      "val_fn": 18,
      "val_tp": 32928,
      "test_acc": 0.8622003870775644,
      "test_precision": 0.9990541996164254,
      "test_recall": 0.8048553347302474,
      "test_f1": 0.891501582463955,
      "test_auc": 0.9966250060404366,
      "test_apcer": 0.19514466526975258,
      "test_bpcer": 0.0018069567836169252,
      "test_acer": 0.09847581102668475,
      "test_threshold": 0.5,
      "test_tn": 19887,
      "test_fp": 36,
      "test_fn": 9220,
      "test_tp": 38027
    },
    {
      "policy": "checkpoint_threshold",
      "threshold": 0.785,
      "threshold_source": "best_metrics_json",
      "val_acc": 0.9990146974300025,
      "val_precision": 0.9994231236337139,
      "val_recall": 0.9991197717477084,
      "val_f1": 0.9992714246683464,
      "val_auc": 0.9999890772629574,
      "val_apcer": 0.0008802282522916287,
      "val_bpcer": 0.0012048192771084338,
      "val_acer": 0.0010425237647000312,
      "val_threshold": 0.785,
      "val_tn": 15751,
      "val_fp": 19,
      "val_fn": 29,
      "val_tp": 32917,
      "test_acc": 0.8361322018758375,
      "test_precision": 0.9994212005953366,
      "test_recall": 0.767477300146041,
      "test_f1": 0.8682254067449628,
      "test_auc": 0.9966250060404366,
      "test_apcer": 0.232522699853959,
      "test_bpcer": 0.0010540581237765397,
      "test_acer": 0.11678837898886776,
      "test_threshold": 0.785,
      "test_tn": 19902,
      "test_fp": 21,
      "test_fn": 10986,
      "test_tp": 36261
    },
    {
      "policy": "val_min_acer",
      "threshold": 0.785,
      "threshold_source": "val",
      "val_acc": 0.9990146974300025,
      "val_precision": 0.9994231236337139,
      "val_recall": 0.9991197717477084,
      "val_f1": 0.9992714246683464,
      "val_auc": 0.9999890772629574,
      "val_apcer": 0.0008802282522916287,
      "val_bpcer": 0.0012048192771084338,
      "val_acer": 0.0010425237647000312,
      "val_threshold": 0.785,
      "val_tn": 15751,
      "val_fp": 19,
      "val_fn": 29,
      "val_tp": 32917,
      "test_acc": 0.8361322018758375,
      "test_precision": 0.9994212005953366,
      "test_recall": 0.767477300146041,
      "test_f1": 0.8682254067449628,
      "test_auc": 0.9966250060404366,
      "test_apcer": 0.232522699853959,
      "test_bpcer": 0.0010540581237765397,
      "test_acer": 0.11678837898886776,
      "test_threshold": 0.785,
      "test_tn": 19902,
      "test_fp": 21,
      "test_fn": 10986,
      "test_tp": 36261
    },
    {
      "policy": "val_target_bpcer_0.005",
      "threshold": 0.125,
      "threshold_source": "val",
      "val_acc": 0.9982757205025043,
      "val_precision": 0.9976376521897147,
      "val_recall": 0.9998178838098707,
      "val_f1": 0.9987265781335274,
      "val_auc": 0.9999890772629574,
      "val_apcer": 0.00018211619012930248,
      "val_bpcer": 0.0049461001902346225,
      "val_acer": 0.0025641081901819625,
      "val_threshold": 0.125,
      "val_tn": 15692,
      "val_fp": 78,