{
  "checkpoint": "outputs\\runs\\aqb_z64_b4\\best.pt",
  "threshold": 0.30846464646464644,
  "threshold_source": "val_best_metrics",
  "splits": {
    "val": {
      "split": "val",
      "metrics_at_checkpoint_threshold": {
        "acc": 0.9990762788406273,
        "precision": 0.9995141651231287,
        "recall": 0.9991197717477084,
        "f1": 0.999316929522306,
        "auc": 0.9999918777180052,
        "apcer": 0.0008802282522916287,
        "bpcer": 0.001014584654407102,
        "acer": 0.0009474064533493655,
        "threshold": 0.30846464646464644,
        "tn": 15754,
        "fp": 16,
        "fn": 29,
        "tp": 32917
      },
      "metrics_at_0_5": {
        "acc": 0.998809426061253,
        "precision": 0.9995443222553011,
        "recall": 0.99869483397074,
        "f1": 0.9991193975464594,
        "auc": 0.9999918777180052,
        "apcer": 0.0013051660292600013,
        "bpcer": 0.0009511731135066582,
        "acer": 0.0011281695713833298,
        "threshold": 0.5,
        "tn": 15755,
        "fp": 15,
        "fn": 43,
        "tp": 32903
      },
      "best_threshold_on_split": 0.307,
      "metrics_at_best_split_threshold": {
        "acc": 0.9991173331143772,
        "precision": 0.9995141946257781,
        "recall": 0.9991804771444182,
        "f1": 0.9993473080250755,
        "auc": 0.9999918777180052,
        "apcer": 0.0008195228555818613,
        "bpcer": 0.001014584654407102,
        "acer": 0.0009170537549944817,
        "threshold": 0.307,
        "tn": 15754,
        "fp": 16,
        "fn": 27,
        "tp": 32919
      },
      "score_summary": {
        "count": 48716,
        "score_min": 1.0923737136181444e-05,
        "score_p01": 1.6412543754995567e-05,
        "score_p05": 2.2403944967663847e-05,
        "score_p50": 0.9999279975891113,
        "score_p95": 0.9999959468841553,
        "score_p99": 0.9999980926513672,
        "score_max": 0.9999996423721313,
        "live_count": 15770,
        "live_mean": 0.0012727476298810569,
        "live_p05": 1.749323109834222e-05,
        "live_p50": 4.368309964775108e-05,
        "live_p95": 0.00035534385533537625,
        "spoof_count": 32946,
        "spoof_mean": 0.9981600874220425,
        "spoof_p05": 0.9992774426937103,
        "spoof_p50": 0.9999760389328003,
        "spoof_p95": 0.9999967813491821
      }
    },
    "test": {
      "split": "test",
      "metrics_at_checkpoint_threshold": {
        "acc": 0.823671281822242,
        "precision": 0.9993793550935199,
        "recall": 0.7497830550087836,
        "f1": 0.8567731637119984,
        "auc": 0.9963981659781507,
        "apcer": 0.2502169449912164,
        "bpcer": 0.0011042513677658988,
        "acer": 0.12566059817949113,
        "threshold": 0.30846464646464644,
        "tn": 19901,
        "fp": 22,
        "fn": 11822,
        "tp": 35425
      },
      "metrics_at_0_5": {
        "acc": 0.8050617835343159,
        "precision": 0.9995904157280361,
        "recall": 0.7231570258429106,
        "f1": 0.8391953627744756,
        "auc": 0.9963981659781507,
        "apcer": 0.27684297415708936,
        "bpcer": 0.0007027054158510264,
        "acer": 0.1387728397864702,
        "threshold": 0.5,
        "tn": 19909,
        "fp": 14,
        "fn": 13080,
        "tp": 34167
      },
      "best_threshold_on_split": 0.001,
      "metrics_at_best_split_threshold": {
        "acc": 0.9676343605776389,
        "precision": 0.9899558666869579,
        "recall": 0.9637648951256165,
        "f1": 0.9766848269057526,
        "auc": 0.9963981659781507,
        "apcer": 0.036235104874383556,
        "bpcer": 0.02318927872308387,
        "acer": 0.029712191798733713,
        "threshold": 0.001,
        "tn": 19461,
        "fp": 462,
        "fn": 1712,
        "tp": 45535
      },
      "score_summary": {
        "count": 67170,
        "score_min": 1.1006672139046714e-05,
        "score_p01": 1.6150101746461587e-05,
        "score_p05": 2.2046030335332033e-05,
        "score_p50": 0.6023768782615662,
        "score_p95": 0.9999792575836182,
        "score_p99": 0.9999938011169434,
        "score_max": 0.9999990463256836,
        "live_count": 19923,
        "live_mean": 0.0010916476148624538,
        "live_p05": 1.69803211974795e-05,
        "live_p50": 4.2438856326043606e-05,
        "live_p95": 0.00039136434497776993,
        "spoof_count": 47247,
        "spoof_mean": 0.7240232293523248,
        "spoof_p05": 0.0017021462786942722,
        "spoof_p50": 0.9969292283058167,
        "spoof_p95": 0.999984860420227
      }
    }
  },
  "threshold_policy_comparison": [
    {
      "policy": "fixed_0_5",
      "threshold": 0.5,
      "threshold_source": "fixed",
      "val_acc": 0.998809426061253,
      "val_precision": 0.9995443222553011,
      "val_recall": 0.99869483397074,
      "val_f1": 0.9991193975464594,
      "val_auc": 0.9999918777180052,
      "val_apcer": 0.0013051660292600013,
      "val_bpcer": 0.0009511731135066582,
      "val_acer": 0.0011281695713833298,
      "val_threshold": 0.5,
      "val_tn": 15755,
      "val_fp": 15,
      "val_fn": 43,
      "val_tp": 32903,
      "test_acc": 0.8050617835343159,
      "test_precision": 0.9995904157280361,
      "test_recall": 0.7231570258429106,
      "test_f1": 0.8391953627744756,
      "test_auc": 0.9963981659781507,
      "test_apcer": 0.27684297415708936,
      "test_bpcer": 0.0007027054158510264,
      "test_acer": 0.1387728397864702,
      "test_threshold": 0.5,
      "test_tn": 19909,
      "test_fp": 14,
      "test_fn": 13080,
      "test_tp": 34167
    },
    {
      "policy": "checkpoint_threshold",
      "threshold": 0.30846464646464644,
      "threshold_source": "best_metrics_json",
      "val_acc": 0.9990762788406273,
      "val_precision": 0.9995141651231287,
      "val_recall": 0.9991197717477084,
      "val_f1": 0.999316929522306,
      "val_auc": 0.9999918777180052,
      "val_apcer": 0.0008802282522916287,
      "val_bpcer": 0.001014584654407102,
      "val_acer": 0.0009474064533493655,
      "val_threshold": 0.30846464646464644,
      "val_tn": 15754,
      "val_fp": 16,
      "val_fn": 29,
      "val_tp": 32917,
      "test_acc": 0.823671281822242,
      "test_precision": 0.9993793550935199,
      "test_recall": 0.7497830550087836,
      "test_f1": 0.8567731637119984,
      "test_auc": 0.9963981659781507,
      "test_apcer": 0.2502169449912164,
      "test_bpcer": 0.0011042513677658988,
      "test_acer": 0.12566059817949113,
      "test_threshold": 0.30846464646464644,
      "test_tn": 19901,
      "test_fp": 22,
      "test_fn": 11822,
      "test_tp": 35425
    },
    {
      "policy": "val_min_acer",
      "threshold": 0.307,
      "threshold_source": "val",
      "val_acc": 0.9991173331143772,
      "val_precision": 0.9995141946257781,
      "val_recall": 0.9991804771444182,
      "val_f1": 0.9993473080250755,
      "val_auc": 0.9999918777180052,
      "val_apcer": 0.0008195228555818613,
      "val_bpcer": 0.001014584654407102,
      "val_acer": 0.0009170537549944817,
      "val_threshold": 0.307,
      "val_tn": 15754,
      "val_fp": 16,
      "val_fn": 27,
      "val_tp": 32919,
      "test_acc": 0.8239243709989579,
      "test_precision": 0.999379652605459,
      "test_recall": 0.7501428662137278,
      "test_f1": 0.8570081367653637,
      "test_auc": 0.9963981659781507,
      "test_apcer": 0.24985713378627214,
      "test_bpcer": 0.0011042513677658988,
      "test_acer": 0.12548069257701902,
      "test_threshold": 0.307,
      "test_tn": 19901,
      "test_fp": 22,
      "test_fn": 11805,
      "test_tp": 35442
    },
    {
      "policy": "val_target_bpcer_0.005",
      "threshold": 0.012192312516491095,
      "threshold_source": "val",
      "val_acc": 0.9983167747762542,
      "val_precision": 0.9976377952755906,
      "val_recall": 0.9998785892065805,
      "val_f1": 0.998756935390959,
      "val_auc": 0.9999918777180052,
      "val_apcer": 0.00012141079341953499,
      "val_bpcer": 0.0049461001902346225,