run_name,method,model,dz,bits,bitrate_bits,best_epoch,train_loss,val_acc,val_precision,val_recall,val_f1,val_auc,val_apcer,val_bpcer,val_acer,val_threshold,test_acc,test_precision,test_recall,test_f1,test_auc,test_apcer,test_bpcer,test_acer,test_threshold,checkpoint,history
baseline_mbv3,Baseline MobileNetV3,baseline_mbv3,,,,5,0.0016532105128282538,0.9990762788406273,0.9992412976844406,0.9993929460329023,0.9993171161054373,0.9999232646446189,0.000607053967097675,0.0015852885225110971,0.0010961712448043861,0.999,0.8434866755992259,0.9988863537592351,0.7783562977543548,0.8749390338198731,0.9944696568103791,0.22164370224564522,0.00205792300356372,0.11185081262460447,0.999,D:\Paper2026\Paper-2026\outputs\runs\baseline_mbv3\best.pt,D:\Paper2026\Paper-2026\outputs\runs\baseline_mbv3\history.csv
aqb_z64_b8,"AQB-FAS z=64, b=8",aqb_fas,64,8,512.0,6,0.014050077059402694,0.9994252401675014,0.9997874407870764,0.9993625933345475,0.9995749719177874,0.9999972380391795,0.0006374066654525587,0.00044388078630310716,0.0005406437258778329,0.8175454545454546,0.8020098258150961,0.9998527592908888,0.7186276377336127,0.8362292962256018,0.995189541622775,0.2813723622663873,0.0002509662199467952,0.14081166424316705,0.8175454545454546,D:\Paper2026\Paper-2026\outputs\runs\aqb_z64_b8\best.pt,D:\Paper2026\Paper-2026\outputs\runs\aqb_z64_b8\history.csv
