{
  "checkpoint": "outputs\\runs\\ablation_noattr\\best.pt",
  "threshold": 0.268,
  "threshold_source": "val_best_metrics",
  "splits": {
    "val": {
      "split": "val",
      "metrics_at_checkpoint_threshold": {
        "acc": 0.9965924952787585,
        "precision": 0.9985702987163108,
        "recall": 0.9963880288957688,
        "f1": 0.9974779702218171,
        "auc": 0.9998818448558682,
        "apcer": 0.003611971104231166,
        "bpcer": 0.0029803424223208623,
        "acer": 0.003296156763276014,
        "threshold": 0.268,
        "tn": 15723,
        "fp": 47,
        "fn": 119,
        "tp": 32827
      },
      "metrics_at_0_5": {
        "acc": 0.9957919369406355,
        "precision": 0.9987812680905518,
        "recall": 0.9949918047714442,
        "f1": 0.996882935210668,
        "auc": 0.9998818448558682,
        "apcer": 0.005008195228555818,
        "bpcer": 0.0025364616360177552,
        "acer": 0.003772328432286787,
        "threshold": 0.5,
        "tn": 15730,
        "fp": 40,
        "fn": 165,
        "tp": 32781
      },
      "best_threshold_on_split": 0.268,
      "metrics_at_best_split_threshold": {
        "acc": 0.9965924952787585,
        "precision": 0.9985702987163108,
        "recall": 0.9963880288957688,
        "f1": 0.9974779702218171,
        "auc": 0.9998818448558682,
        "apcer": 0.003611971104231166,
        "bpcer": 0.0029803424223208623,
        "acer": 0.003296156763276014,
        "threshold": 0.268,
        "tn": 15723,
        "fp": 47,
        "fn": 119,
        "tp": 32827
      },
      "score_summary": {
        "count": 48716,
        "score_min": 1.7892820324050263e-05,
        "score_p01": 1.8669754081201972e-05,
        "score_p05": 1.9529245946614537e-05,
        "score_p50": 0.9999864101409912,
        "score_p95": 0.9999994039535522,
        "score_p99": 0.9999996423721313,
        "score_max": 0.9999997615814209,
        "live_count": 15770,
        "live_mean": 0.00269479033168652,
        "live_p05": 1.884227031041519e-05,
        "live_p50": 2.3537036213383544e-05,
        "live_p95": 0.00016851741529535494,
        "spoof_count": 32946,
        "spoof_mean": 0.9938994803706233,
        "spoof_p05": 0.9996447265148163,
        "spoof_p50": 0.9999963045120239,
        "spoof_p95": 0.9999995231628418
      }
    },
    "test": {
      "split": "test",
      "metrics_at_checkpoint_threshold": {
        "acc": 0.7662795891022778,
        "precision": 0.9982312065698041,
        "recall": 0.6689101953563189,
        "f1": 0.8010442673020137,
        "auc": 0.9810319112671664,
        "apcer": 0.3310898046436811,
        "bpcer": 0.0028108216634041058,
        "acer": 0.1669503131535426,
        "threshold": 0.268,
        "tn": 19867,
        "fp": 56,
        "fn": 15643,
        "tp": 31604
      },
      "metrics_at_0_5": {
        "acc": 0.7480125055828495,
        "precision": 0.9987498766325624,
        "recall": 0.6425593159354033,
        "f1": 0.782005048683736,
        "auc": 0.9810319112671664,
        "apcer": 0.35744068406459667,
        "bpcer": 0.0019073432715956433,
        "acer": 0.17967401366809616,
        "threshold": 0.5,
        "tn": 19885,
        "fp": 38,
        "fn": 16888,
        "tp": 30359
      },
      "best_threshold_on_split": 0.001,
      "metrics_at_best_split_threshold": {
        "acc": 0.8813160637189221,
        "precision": 0.9906553731604327,
        "recall": 0.8391855567549262,
        "f1": 0.9086513120201672,
        "auc": 0.9810319112671664,
        "apcer": 0.16081444324507377,
        "bpcer": 0.01877227325202028,
        "acer": 0.08979335824854702,
        "threshold": 0.001,
        "tn": 19549,
        "fp": 374,
        "fn": 7598,
        "tp": 39649
      },
      "score_summary": {
        "count": 67170,
        "score_min": 1.7869833754957654e-05,
        "score_p01": 1.8764693159027957e-05,
        "score_p05": 1.9714358404598898e-05,
        "score_p50": 0.05965161509811878,
        "score_p95": 0.9999984502792358,
        "score_p99": 0.9999994039535522,
        "score_max": 0.9999997615814209,
        "live_count": 19923,
        "live_mean": 0.0022440448104844614,
        "live_p05": 1.8912029554485342e-05,
        "live_p50": 2.4058588678599335e-05,
        "live_p95": 0.00020497307268669797,
        "spoof_count": 47247,
        "spoof_mean": 0.6389562970655785,
        "spoof_p05": 8.545910022803583e-05,
        "spoof_p50": 0.9957914352416992,
        "spoof_p95": 0.9999988079071045
      }
    }
  },
  "threshold_policy_comparison": [
    {
      "policy": "fixed_0_5",
      "threshold": 0.5,
      "threshold_source": "fixed",
      "val_acc": 0.9957919369406355,
      "val_precision": 0.9987812680905518,
      "val_recall": 0.9949918047714442,
      "val_f1": 0.996882935210668,
      "val_auc": 0.9998818448558682,
      "val_apcer": 0.005008195228555818,
      "val_bpcer": 0.0025364616360177552,
      "val_acer": 0.003772328432286787,
      "val_threshold": 0.5,
      "val_tn": 15730,
      "val_fp": 40,
      "val_fn": 165,
      "val_tp": 32781,
      "test_acc": 0.7480125055828495,
      "test_precision": 0.9987498766325624,
      "test_recall": 0.6425593159354033,
      "test_f1": 0.782005048683736,
      "test_auc": 0.9810319112671664,
      "test_apcer": 0.35744068406459667,
      "test_bpcer": 0.0019073432715956433,
      "test_acer": 0.17967401366809616,
      "test_threshold": 0.5,
      "test_tn": 19885,
      "test_fp": 38,
      "test_fn": 16888,
      "test_tp": 30359
    },
    {
      "policy": "checkpoint_threshold",
      "threshold": 0.268,
      "threshold_source": "best_metrics_json",
      "val_acc": 0.9965924952787585,
      "val_precision": 0.9985702987163108,
      "val_recall": 0.9963880288957688,
      "val_f1": 0.9974779702218171,
      "val_auc": 0.9998818448558682,
      "val_apcer": 0.003611971104231166,
      "val_bpcer": 0.0029803424223208623,
      "val_acer": 0.003296156763276014,
      "val_threshold": 0.268,
      "val_tn": 15723,
      "val_fp": 47,
      "val_fn": 119,
      "val_tp": 32827,
      "test_acc": 0.7662795891022778,
      "test_precision": 0.9982312065698041,
      "test_recall": 0.6689101953563189,
      "test_f1": 0.8010442673020137,
      "test_auc": 0.9810319112671664,
      "test_apcer": 0.3310898046436811,
      "test_bpcer": 0.0028108216634041058,
      "test_acer": 0.1669503131535426,
      "test_threshold": 0.268,
      "test_tn": 19867,
      "test_fp": 56,
      "test_fn": 15643,
      "test_tp": 31604
    },
    {
      "policy": "val_min_acer",
      "threshold": 0.268,
      "threshold_source": "val",
      "val_acc": 0.9965924952787585,
      "val_precision": 0.9985702987163108,
      "val_recall": 0.9963880288957688,
      "val_f1": 0.9974779702218171,
      "val_auc": 0.9998818448558682,
      "val_apcer": 0.003611971104231166,
      "val_bpcer": 0.0029803424223208623,
      "val_acer": 0.003296156763276014,
      "val_threshold": 0.268,
      "val_tn": 15723,
      "val_fp": 47,
      "val_fn": 119,
      "val_tp": 32827,
      "test_acc": 0.7662795891022778,
      "test_precision": 0.9982312065698041,
      "test_recall": 0.6689101953563189,
      "test_f1": 0.8010442673020137,
      "test_auc": 0.9810319112671664,
      "test_apcer": 0.3310898046436811,
      "test_bpcer": 0.0028108216634041058,
      "test_acer": 0.1669503131535426,
      "test_threshold": 0.268,
      "test_tn": 19867,
      "test_fp": 56,
      "test_fn": 15643,
      "test_tp": 31604
    },
    {
      "policy": "val_target_bpcer_0.005",
      "threshold": 0.0404209583979631,
      "threshold_source": "val",
      "val_acc": 0.9968798751950078,
      "val_precision": 0.9976327769347496,
      "val_recall": 0.9977539003217386,
      "val_f1": 0.9976933349520456,
      "val_auc": 0.9998818448558682,
      "val_apcer": 0.0022460996782613972,
      "val_bpcer": 0.0049461001902346225,
      "val_acer": 0.00359609993424801,
      "val_threshold": 0.0404209583979631,