{
  "epoch": 1,
  "train_loss": 0.04546505439179439,
  "train_logs": {
    "loss_pad": 0.00022451077529694885,
    "loss_spoof": 0.00871405377984047,
    "loss_illum": 0.6426801681518555,
    "loss_env": 0.2631235122680664,
    "loss_total": 0.09341908991336823
  },
  "val_metrics": {
    "acc": 0.9990146974300025,
    "precision": 0.9994231236337139,
    "recall": 0.9991197717477084,
    "f1": 0.9992714246683464,
    "auc": 0.9999890782253131,
    "apcer": 0.0008802282522916287,
    "bpcer": 0.0012048192771084338,
    "acer": 0.0010425237647000312,
    "threshold": 0.785,
    "tn": 15751,
    "fp": 19,
    "fn": 29,
    "tp": 32917
  }
}