{
  "epoch": 4,
  "train_loss": 0.01858116344757524,
  "train_logs": {
    "loss_pad": 0.00042367723654024303,
    "loss_spoof": 0.030669530853629112,
    "loss_illum": 0.6062397360801697,
    "loss_env": 0.0054628849029541016,
    "loss_total": 0.07079480588436127
  },
  "val_metrics": {
    "acc": 0.9983578290500041,
    "precision": 0.9996655315008514,
    "recall": 0.997905663813513,
    "f1": 0.9987848224321779,
    "auc": 0.9999656631491027,
    "apcer": 0.0020943361864869787,
    "bpcer": 0.0006975269499048827,
    "acer": 0.0013959315681959306,
    "threshold": 0.802,
    "tn": 15759,
    "fp": 11,
    "fn": 69,
    "tp": 32877
  }
}