{
  "epoch": 1,
  "train_loss": 0.004568701516824281,
  "train_logs": {
    "loss_pad": 0.00021084964100737125,
    "loss_total": 0.00021084964100737125
  },
  "val_metrics": {
    "acc": 0.9965924952787585,
    "precision": 0.9985702987163108,
    "recall": 0.9963880288957688,
    "f1": 0.9974779702218171,
    "auc": 0.9998818429311568,
    "apcer": 0.003611971104231166,
    "bpcer": 0.0029803424223208623,
    "acer": 0.003296156763276014,
    "threshold": 0.268,
    "tn": 15723,
    "fp": 47,
    "fn": 119,
    "tp": 32827
  }
}