epoch,train_loss,train_loss_pad,train_loss_total,val_acc,val_precision,val_recall,val_f1,val_auc,val_apcer,val_bpcer,val_acer,val_threshold,val_tn,val_fp,val_fn,val_tp
0,0.01559937332917677,2.8098113536834717,2.8098113536834717,0.9968798751950078,0.9981467979098311,0.9972379044497056,0.9976921441802556,0.9998732048265141,0.002762095550294421,0.003868103994927077,0.003315099772610749,0.509,15709,61,91,32855
1,0.004568701516824281,0.00021084964100737125,0.00021084964100737125,0.9965924952787585,0.9985702987163108,0.9963880288957688,0.9974779702218171,0.9998818429311568,0.003611971104231166,0.0029803424223208623,0.003296156763276014,0.268,15723,47,119,32827
