{
  "epoch": 1,
  "train_loss": 0.04680436307369007,
  "train_logs": {
    "loss_pad": 0.0001420225453330204,
    "loss_spoof": 0.10287705063819885,
    "loss_illum": 0.2468334287405014,
    "loss_env": 0.11921948194503784,
    "loss_proto": 0.00039394781924784184,
    "loss_total": 0.06763012707233429
  },
  "val_metrics": {
    "acc": 0.9988915346087528,
    "precision": 0.9996050792879275,
    "recall": 0.9987555393674498,
    "f1": 0.9991801287501518,
    "auc": 0.999987665487165,
    "apcer": 0.0012444606325502337,
    "bpcer": 0.0008243500317057704,
    "acer": 0.0010344053321280021,
    "threshold": 0.39415151515151514,
    "tn": 15757,
    "fp": 13,
    "fn": 41,
    "tp": 32905
  }
}