epoch,train_loss,train_loss_pad,train_loss_spoof,train_loss_illum,train_loss_env,train_loss_proto,train_loss_total,val_acc,val_precision,val_recall,val_f1,val_auc,val_apcer,val_bpcer,val_acer,val_threshold,val_tn,val_fp,val_fn,val_tp
0,0.15053790411084486,0.00026041033561341465,0.1592952460050583,0.2871892750263214,0.2339777648448944,0.0007142387912608683,0.10020140558481216,0.9985425732818787,0.9986349158198089,0.999210829842773,0.9989227898226396,0.9999772229656099,0.0007891701572269775,0.0028535193405199747,0.0018213447488734762,0.021161616161616163,15725,45,26,32920
1,0.04680436307369007,0.0001420225453330204,0.10287705063819885,0.2468334287405014,0.11921948194503784,0.00039394781924784184,0.06763012707233429,0.9988915346087528,0.9996050792879275,0.9987555393674498,0.9991801287501518,0.999987665487165,0.0012444606325502337,0.0008243500317057704,0.0010344053321280021,0.39415151515151514,15757,13,41,32905
2,0.030700954726764592,0.008879289031028748,0.08489570766687393,0.34705233573913574,0.10957051813602448,0.0017853702884167433,0.08009955286979675,0.9990557517037524,0.9992715794585407,0.9993322406361925,0.9993019091267794,0.9999840682016087,0.0006677593638074425,0.0015218769816106531,0.0010948181727090478,0.2378989898989899,15746,24,22,32924
3,0.02265448457869935,0.0006641799118369818,0.024429557844996452,0.15296801924705505,0.03235212713479996,0.0003919009177479893,0.026544656604528427,0.998398883323754,0.99945295404814,0.998178838098707,0.9988154897494306,0.9999643591571474,0.001821161901293025,0.0011414077362079899,0.0014812848187505073,0.6814545454545454,15752,18,60,32886
4,0.0184020505625694,0.00024832680355757475,0.047990839928388596,0.060583073645830154,0.0038460514042526484,6.564245995832607e-05,0.021091772243380547,0.9941087117168897,0.9967148288973384,0.9945668669944758,0.9956396894608104,0.9996627665085286,0.005433133005524191,0.0068484464172479395,0.006140789711386065,0.7822626262626262,15662,108,179,32767
