{
  "epoch": 4,
  "train_loss": 0.0184020505625694,
  "train_logs": {
    "loss_pad": 0.00024832680355757475,
    "loss_spoof": 0.047990839928388596,
    "loss_illum": 0.060583073645830154,
    "loss_env": 0.0038460514042526484,
    "loss_proto": 6.564245995832607e-05,
    "loss_total": 0.021091772243380547
  },
  "val_metrics": {
    "acc": 0.9941087117168897,
    "precision": 0.9967148288973384,
    "recall": 0.9945668669944758,
    "f1": 0.9956396894608104,
    "auc": 0.9996627665085286,
    "apcer": 0.005433133005524191,
    "bpcer": 0.0068484464172479395,
    "acer": 0.006140789711386065,
    "threshold": 0.7822626262626262,
    "tn": 15662,
    "fp": 108,
    "fn": 179,
    "tp": 32767
  }
}