{
  "epoch": 8,
  "train_loss": 0.008197519748395048,
  "train_logs": {
    "loss_pad": 4.32327578892e-05,
    "loss_spoof": 0.0031012927647680044,
    "loss_illum": 0.05063158646225929,
    "loss_env": 0.0018638087203726172,
    "loss_proto": 2.267723175464198e-05,
    "loss_total": 0.006224294193089008
  },
  "val_metrics": {
    "acc": 0.9992815502093768,
    "precision": 0.99969633476056,
    "recall": 0.9992411825411279,
    "f1": 0.9994687068324302,
    "auc": 0.9999914523567917,
    "apcer": 0.0007588174588720937,
    "bpcer": 0.0006341154090044388,
    "acer": 0.0006964664339382663,
    "threshold": 0.016121212121212123,
    "tn": 15760,
    "fp": 10,
    "fn": 25,
    "tp": 32921
  }
}