{
  "epoch": 9,
  "train_loss": 0.007626313387915064,
  "train_logs": {
    "loss_pad": 4.699311466538347e-05,
    "loss_spoof": 0.0007745697512291372,
    "loss_illum": 0.08351016789674759,
    "loss_env": 0.004158435855060816,
    "loss_proto": 5.6096600019373e-05,
    "loss_total": 0.009049030020833015
  },
  "val_metrics": {
    "acc": 0.997639379259381,
    "precision": 0.9990272077823378,
    "recall": 0.9974807260365447,
    "f1": 0.998253367962212,
    "auc": 0.9999827064683121,
    "apcer": 0.0025192739634553513,
    "bpcer": 0.002029169308814204,
    "acer": 0.0022742216361347775,
    "threshold": 0.3135050505050505,
    "tn": 15738,
    "fp": 32,
    "fn": 83,
    "tp": 32863
  }
}