{
  "epoch": 1,
  "train_loss": 0.04292879219122535,
  "train_logs": {
    "loss_pad": 0.0003319094830658287,
    "loss_spoof": 0.036594510078430176,
    "loss_illum": 0.08861919492483139,
    "loss_env": 0.018888147547841072,
    "loss_proto": 0.0005819751531817019,
    "loss_total": 0.022090096026659012
  },
  "val_metrics": {
    "acc": 0.9990762788406273,
    "precision": 0.9995141651231287,
    "recall": 0.9991197717477084,
    "f1": 0.999316929522306,
    "auc": 0.9999918777180052,
    "apcer": 0.0008802282522916287,
    "bpcer": 0.001014584654407102,
    "acer": 0.0009474064533493655,
    "threshold": 0.30846464646464644,
    "tn": 15754,
    "fp": 16,
    "fn": 29,
    "tp": 32917
  }
}