{
  "epoch": 4,
  "train_loss": 0.016914728781097933,
  "train_logs": {
    "loss_pad": 6.630426651099697e-05,
    "loss_spoof": 0.05761594697833061,
    "loss_illum": 0.029575783759355545,
    "loss_env": 0.012395738624036312,
    "loss_proto": 4.9875739932758734e-05,
    "loss_total": 0.02155073545873165
  },
  "val_metrics": {
    "acc": 0.9987478446506282,
    "precision": 0.9995139289728712,
    "recall": 0.9986341285740302,
    "f1": 0.9990738350819125,
    "auc": 0.9999915755383197,
    "apcer": 0.0013658714259697686,
    "bpcer": 0.001014584654407102,
    "acer": 0.0011902280401884353,
    "threshold": 0.9737979797979798,
    "tn": 15754,
    "fp": 16,
    "fn": 45,
    "tp": 32901
  }
}