{
  "checkpoint": "outputs\\runs\\aqb_z16_b8\\best.pt",
  "threshold": 0.39415151515151514,
  "threshold_source": "val_best_metrics",
  "splits": {
    "val": {
      "split": "val",
      "metrics_at_checkpoint_threshold": {
        "acc": 0.9988915346087528,
        "precision": 0.9996050792879275,
        "recall": 0.9987555393674498,
        "f1": 0.9991801287501518,
        "auc": 0.999987665487165,
        "apcer": 0.0012444606325502337,
        "bpcer": 0.0008243500317057704,
        "acer": 0.0010344053321280021,
        "threshold": 0.39415151515151514,
        "tn": 15757,
        "fp": 13,
        "fn": 41,
        "tp": 32905
      },
      "metrics_at_0_5": {
        "acc": 0.998829953198128,
        "precision": 0.9996050432933313,
        "recall": 0.9986644812723852,
        "f1": 0.9991345409271041,
        "auc": 0.999987665487165,
        "apcer": 0.001335518727614885,
        "bpcer": 0.0008243500317057704,
        "acer": 0.0010799343796603278,
        "threshold": 0.5,
        "tn": 15757,
        "fp": 13,
        "fn": 44,
        "tp": 32902
      },
      "best_threshold_on_split": 0.428,
      "metrics_at_best_split_threshold": {
        "acc": 0.9988915346087528,
        "precision": 0.9996050792879275,
        "recall": 0.9987555393674498,
        "f1": 0.9991801287501518,
        "auc": 0.999987665487165,
        "apcer": 0.0012444606325502337,
        "bpcer": 0.0008243500317057704,
        "acer": 0.0010344053321280021,
        "threshold": 0.428,
        "tn": 15757,
        "fp": 13,
        "fn": 41,
        "tp": 32905
      },
      "score_summary": {
        "count": 48716,
        "score_min": 3.605215533752926e-05,
        "score_p01": 3.79451103071915e-05,
        "score_p05": 4.110103054699721e-05,
        "score_p50": 0.9999373555183411,
        "score_p95": 0.9999978542327881,
        "score_p99": 0.9999990463256836,
        "score_max": 0.9999998807907104,
        "live_count": 15770,
        "live_mean": 0.0012351849598976597,
        "live_p05": 3.848396045214031e-05,
        "live_p50": 5.6792981922626495e-05,
        "live_p95": 0.0003699982058606109,
        "spoof_count": 32946,
        "spoof_mean": 0.9981875960088333,
        "spoof_p05": 0.9994406700134277,
        "spoof_p50": 0.999981164932251,
        "spoof_p95": 0.9999982118606567
      }
    },
    "test": {
      "split": "test",
      "metrics_at_checkpoint_threshold": {
        "acc": 0.8550245645377401,
        "precision": 0.9994673626461423,
        "recall": 0.7943149829618812,
        "f1": 0.885159677343271,
        "auc": 0.9961235644100913,
        "apcer": 0.2056850170381188,
        "bpcer": 0.0010038648797871808,
        "acer": 0.103344440958953,
        "threshold": 0.39415151515151514,
        "tn": 19903,
        "fp": 20,
        "fn": 9718,
        "tp": 37529
      },
      "metrics_at_0_5": {
        "acc": 0.8452582998362365,
        "precision": 0.999539133027896,
        "recall": 0.7803670074290431,
        "f1": 0.8764589820999834,
        "auc": 0.9961235644100913,
        "apcer": 0.2196329925709569,
        "bpcer": 0.0008532851478191036,
        "acer": 0.110243138859388,
        "threshold": 0.5,
        "tn": 19906,
        "fp": 17,
        "fn": 10377,
        "tp": 36870
      },
      "best_threshold_on_split": 0.001,
      "metrics_at_best_split_threshold": {
        "acc": 0.9664582402858419,
        "precision": 0.9902802597742231,
        "recall": 0.9617541854509281,
        "f1": 0.9758087895804924,
        "auc": 0.9961235644100913,
        "apcer": 0.0382458145490719,
        "bpcer": 0.02238618681925413,
        "acer": 0.030316000684163014,
        "threshold": 0.001,
        "tn": 19477,
        "fp": 446,
        "fn": 1807,
        "tp": 45440
      },
      "score_summary": {
        "count": 67170,
        "score_min": 3.598850889829919e-05,
        "score_p01": 3.775163411773974e-05,
        "score_p05": 4.0994281334860716e-05,
        "score_p50": 0.8836062252521515,
        "score_p95": 0.9999891519546509,
        "score_p99": 0.9999973773956299,
        "score_max": 0.9999997615814209,
        "live_count": 19923,
        "live_mean": 0.0012653991066225983,
        "live_p05": 3.8186932215467095e-05,
        "live_p50": 5.5690314184175804e-05,
        "live_p95": 0.00037216739729046736,
        "spoof_count": 47247,
        "spoof_mean": 0.7772572511617547,
        "spoof_p05": 0.0016209590598009528,
        "spoof_p50": 0.9986315369606018,
        "spoof_p95": 0.999993085861206
      }
    }
  },
  "threshold_policy_comparison": [
    {
      "policy": "fixed_0_5",
      "threshold": 0.5,
      "threshold_source": "fixed",
      "val_acc": 0.998829953198128,
      "val_precision": 0.9996050432933313,
      "val_recall": 0.9986644812723852,
      "val_f1": 0.9991345409271041,
      "val_auc": 0.999987665487165,
      "val_apcer": 0.001335518727614885,
      "val_bpcer": 0.0008243500317057704,
      "val_acer": 0.0010799343796603278,
      "val_threshold": 0.5,
      "val_tn": 15757,
      "val_fp": 13,
      "val_fn": 44,
      "val_tp": 32902,
      "test_acc": 0.8452582998362365,
      "test_precision": 0.999539133027896,
      "test_recall": 0.7803670074290431,
      "test_f1": 0.8764589820999834,
      "test_auc": 0.9961235644100913,
      "test_apcer": 0.2196329925709569,
      "test_bpcer": 0.0008532851478191036,
      "test_acer": 0.110243138859388,
      "test_threshold": 0.5,
      "test_tn": 19906,
      "test_fp": 17,
      "test_fn": 10377,
      "test_tp": 36870
    },
    {
      "policy": "checkpoint_threshold",
      "threshold": 0.39415151515151514,
      "threshold_source": "best_metrics_json",
      "val_acc": 0.9988915346087528,
      "val_precision": 0.9996050792879275,
      "val_recall": 0.9987555393674498,
      "val_f1": 0.9991801287501518,
      "val_auc": 0.999987665487165,
      "val_apcer": 0.0012444606325502337,
      "val_bpcer": 0.0008243500317057704,
      "val_acer": 0.0010344053321280021,
      "val_threshold": 0.39415151515151514,
      "val_tn": 15757,
      "val_fp": 13,
      "val_fn": 41,
      "val_tp": 32905,
      "test_acc": 0.8550245645377401,
      "test_precision": 0.9994673626461423,
      "test_recall": 0.7943149829618812,
      "test_f1": 0.885159677343271,
      "test_auc": 0.9961235644100913,
      "test_apcer": 0.2056850170381188,
      "test_bpcer": 0.0010038648797871808,
      "test_acer": 0.103344440958953,
      "test_threshold": 0.39415151515151514,
      "test_tn": 19903,
      "test_fp": 20,
      "test_fn": 9718,
      "test_tp": 37529
    },
    {
      "policy": "val_min_acer",
      "threshold": 0.428,
      "threshold_source": "val",
      "val_acc": 0.9988915346087528,
      "val_precision": 0.9996050792879275,
      "val_recall": 0.9987555393674498,
      "val_f1": 0.9991801287501518,
      "val_auc": 0.999987665487165,
      "val_apcer": 0.0012444606325502337,
      "val_bpcer": 0.0008243500317057704,
      "val_acer": 0.0010344053321280021,
      "val_threshold": 0.428,
      "val_tn": 15757,
      "val_fp": 13,
      "val_fn": 41,
      "val_tp": 32905,
      "test_acc": 0.851704630043174,
      "test_precision": 0.9995177107336156,
      "test_recall": 0.7895527758376193,
      "test_f1": 0.8822145230521823,
      "test_auc": 0.9961235644100913,
      "test_apcer": 0.21044722416238068,
      "test_bpcer": 0.0009034783918084626,
      "test_acer": 0.10567535127709457,
      "test_threshold": 0.428,
      "test_tn": 19905,
      "test_fp": 18,
      "test_fn": 9943,
      "test_tp": 37304
    },
    {
      "policy": "val_target_bpcer_0.005",
      "threshold": 0.013125568357718428,
      "threshold_source": "val",
      "val_acc": 0.9981525576812547,
      "val_precision": 0.9976372228280626,
      "val_recall": 0.9996357676197414,
      "val_f1": 0.9986354953152006,
      "val_auc": 0.999987665487165,
      "val_apcer": 0.00036423238025860496,
      "val_bpcer": 0.0049461001902346225,