{
  "acc": 0.8031550432888936,
  "precision": 0.9280285807080221,
  "recall": 0.8461356233343204,
  "f1": 0.8851920693928129,
  "auc": 0.7356992248099841,
  "apcer": 0.1538643766656796,
  "bpcer": 0.5705458290422245,
  "acer": 0.362205102853952,
  "threshold": 0.0054166869110331,
  "tn": 834,
  "fp": 1108,
  "fn": 2598,
  "tp": 14287,
  "run_name": "ablation_attr",
  "method": "+ Attribute heads",
  "dataset": "lcc_fasd",
  "num_samples": 18827,
  "policy": "val_target_bpcer_0.020",
  "threshold_source": "outputs\\runs\\ablation_attr\\diagnostics\\threshold_policy_comparison.csv",
  "checkpoint": "outputs\\runs\\ablation_attr\\best.pt"
}