{
  "epoch": 4,
  "train_loss": 0.015895776838328452,
  "train_logs": {
    "loss_pad": 0.05046142265200615,
    "loss_spoof": 0.04492829740047455,
    "loss_illum": 0.1096067875623703,
    "loss_env": 0.07135553658008575,
    "loss_proto": 0.026296677067875862,
    "loss_total": 0.08335097879171371
  },
  "val_metrics": {
    "acc": 0.9985015190081288,
    "precision": 0.9993619930123044,
    "recall": 0.9984216596855461,
    "f1": 0.9988916050469929,
    "auc": 0.9999786337790465,
    "apcer": 0.001578340314453955,
    "bpcer": 0.0013316423589093216,
    "acer": 0.0014549913366816384,
    "threshold": 0.7772222222222223,
    "tn": 15749,
    "fp": 21,
    "fn": 52,
    "tp": 32894
  }
}