{
  "epoch": 7,
  "train_loss": 0.010487840368996451,
  "train_logs": {
    "loss_pad": 2.294006299052853e-05,
    "loss_spoof": 0.0011517548700794578,
    "loss_illum": 0.05237404629588127,
    "loss_env": 0.001584144658409059,
    "loss_proto": 8.235952918766998e-06,
    "loss_total": 0.005764697212725878
  },
  "val_metrics": {
    "acc": 0.9974341078906314,
    "precision": 0.9981483167896062,
    "recall": 0.9980574273052875,
    "f1": 0.9981028699782968,
    "auc": 0.9999619898374469,
    "apcer": 0.0019425726947125599,
    "bpcer": 0.003868103994927077,
    "acer": 0.0029053383448198185,
    "threshold": 0.016121212121212123,
    "tn": 15709,
    "fp": 61,
    "fn": 64,
    "tp": 32882
  }
}