{
  "epoch": 6,
  "train_loss": 0.014050077059402694,
  "train_logs": {
    "loss_pad": 4.481530049815774e-05,
    "loss_spoof": 0.0013699783012270927,
    "loss_illum": 0.018268514424562454,
    "loss_env": 0.08058608323335648,
    "loss_proto": 6.946826761122793e-05,
    "loss_total": 0.01034474279731512
  },
  "val_metrics": {
    "acc": 0.9994252401675014,
    "f1": 0.9995749719177874,
    "auc": 0.9999972380391795,
    "apcer": 0.0006374066654525587,
    "bpcer": 0.00044388078630310716,
    "acer": 0.0005406437258778329,
    "threshold": 0.8175454545454546,
    "tn": 15763,
    "fp": 7,
    "fn": 21,
    "tp": 32925
  }
}