{
  "epoch": 9,
  "train_loss": 0.009956512706560412,
  "train_logs": {
    "loss_pad": 8.991012873593718e-05,
    "loss_spoof": 0.0011808328563347459,
    "loss_illum": 0.06549957394599915,
    "loss_env": 0.004088173620402813,
    "loss_proto": 8.236472785938531e-05,
    "loss_total": 0.0074070533737540245
  },
  "val_metrics": {
    "acc": 0.9987683717875031,
    "f1": 0.9990891978869391,
    "auc": 0.9999847408882335,
    "apcer": 0.0011534025374855825,
    "bpcer": 0.0013950538998097654,
    "acer": 0.0012742282186476738,
    "threshold": 0.13205050505050506,
    "tn": 15748,
    "fp": 22,
    "fn": 38,
    "tp": 32908
  }
}