{
  "checkpoint": "outputs\\runs\\aqb_z128_b8\\best.pt",
  "threshold": 0.7772222222222223,
  "threshold_source": "val_best_metrics",
  "splits": {
    "val": {
      "split": "val",
      "metrics_at_checkpoint_threshold": {
        "acc": 0.9985015190081288,
        "precision": 0.9993619930123044,
        "recall": 0.9984216596855461,
        "f1": 0.9988916050469929,
        "auc": 0.9999786337790466,
        "apcer": 0.001578340314453955,
        "bpcer": 0.0013316423589093216,
        "acer": 0.0014549913366816384,
        "threshold": 0.7772222222222223,
        "tn": 15749,
        "fp": 21,
        "fn": 52,
        "tp": 32894
      },
      "metrics_at_0_5": {
        "acc": 0.9986862632400033,
        "precision": 0.9989984217554935,
        "recall": 0.9990590663509986,
        "f1": 0.9990287431329105,
        "auc": 0.9999786337790466,
        "apcer": 0.0009409336490013963,
        "bpcer": 0.002092580849714648,
        "acer": 0.0015167572493580222,
        "threshold": 0.5,
        "tn": 15737,
        "fp": 33,
        "fn": 31,
        "tp": 32915
      },
      "best_threshold_on_split": 0.774,
      "metrics_at_best_split_threshold": {
        "acc": 0.9985425732818787,
        "precision": 0.9993620317768934,
        "recall": 0.9984823650822559,
        "f1": 0.9989220047674718,
        "auc": 0.9999786337790466,
        "apcer": 0.0015176349177441874,
        "bpcer": 0.0013316423589093216,
        "acer": 0.0014246386383267545,
        "threshold": 0.774,
        "tn": 15749,
        "fp": 21,
        "fn": 50,
        "tp": 32896
      },
      "score_summary": {
        "count": 48716,
        "score_min": 5.838114134348871e-07,
        "score_p01": 1.0951823014693219e-06,
        "score_p05": 1.9091016270067485e-06,
        "score_p50": 0.9999810457229614,
        "score_p95": 0.9999997615814209,
        "score_p99": 1.0,
        "score_max": 1.0,
        "live_count": 15770,
        "live_mean": 0.002462312762674357,
        "live_p05": 1.2336811323621077e-06,
        "live_p50": 6.563478336829576e-06,
        "live_p95": 0.0002979908429551864,
        "spoof_count": 32946,
        "spoof_mean": 0.998628190338586,
        "spoof_p05": 0.9997581541538239,
        "spoof_p50": 0.9999948740005493,
        "spoof_p95": 0.9999998807907104
      }
    },
    "test": {
      "split": "test",
      "metrics_at_checkpoint_threshold": {
        "acc": 0.7748101831174632,
        "precision": 0.9989437385442231,
        "recall": 0.6805723114695112,
        "f1": 0.8095825570270406,
        "auc": 0.9847892766731572,
        "apcer": 0.3194276885304887,
        "bpcer": 0.0017065702956382072,
        "acer": 0.16056712941306345,
        "threshold": 0.7772222222222223,
        "tn": 19889,
        "fp": 34,
        "fn": 15092,
        "tp": 32155
      },
      "metrics_at_0_5": {
        "acc": 0.7940747357451243,
        "precision": 0.9985973917455012,
        "recall": 0.7082354435202235,
        "f1": 0.8287186091435931,
        "auc": 0.9847892766731572,
        "apcer": 0.2917645564797765,
        "bpcer": 0.0023590824674998745,
        "acer": 0.1470618194736382,
        "threshold": 0.5,
        "tn": 19876,
        "fp": 47,
        "fn": 13785,
        "tp": 33462
      },
      "best_threshold_on_split": 0.001,
      "metrics_at_best_split_threshold": {
        "acc": 0.9161232693166592,
        "precision": 0.9833213315059584,
        "recall": 0.8959510656761276,
        "f1": 0.9376052095330911,
        "auc": 0.9847892766731572,
        "apcer": 0.10404893432387241,
        "bpcer": 0.036038749184359786,
        "acer": 0.0700438417541161,
        "threshold": 0.001,
        "tn": 19205,
        "fp": 718,
        "fn": 4916,
        "tp": 42331
      },
      "score_summary": {
        "count": 67170,
        "score_min": 5.747542104472814e-07,
        "score_p01": 1.0915388861576503e-06,
        "score_p05": 1.9744257997444947e-06,
        "score_p50": 0.4817197024822235,
        "score_p95": 0.9999945163726807,
        "score_p99": 0.9999990463256836,
        "score_max": 1.0,
        "live_count": 19923,
        "live_mean": 0.0030954767396173945,
        "live_p05": 1.2000591141259064e-06,
        "live_p50": 7.3619135037006345e-06,
        "live_p95": 0.0005361954856198275,
        "spoof_count": 47247,
        "spoof_mean": 0.7082342333356647,
        "spoof_p05": 0.00020442476961761715,
        "spoof_p50": 0.9992270469665527,
        "spoof_p95": 0.9999963045120239
      }
    }
  },
  "threshold_policy_comparison": [
    {
      "policy": "fixed_0_5",
      "threshold": 0.5,
      "threshold_source": "fixed",
      "val_acc": 0.9986862632400033,
      "val_precision": 0.9989984217554935,
      "val_recall": 0.9990590663509986,
      "val_f1": 0.9990287431329105,
      "val_auc": 0.9999786337790466,
      "val_apcer": 0.0009409336490013963,
      "val_bpcer": 0.002092580849714648,
      "val_acer": 0.0015167572493580222,
      "val_threshold": 0.5,
      "val_tn": 15737,
      "val_fp": 33,
      "val_fn": 31,
      "val_tp": 32915,
      "test_acc": 0.7940747357451243,
      "test_precision": 0.9985973917455012,
      "test_recall": 0.7082354435202235,
      "test_f1": 0.8287186091435931,
      "test_auc": 0.9847892766731572,
      "test_apcer": 0.2917645564797765,
      "test_bpcer": 0.0023590824674998745,
      "test_acer": 0.1470618194736382,
      "test_threshold": 0.5,
      "test_tn": 19876,
      "test_fp": 47,
      "test_fn": 13785,
      "test_tp": 33462
    },
    {
      "policy": "checkpoint_threshold",
      "threshold": 0.7772222222222223,
      "threshold_source": "best_metrics_json",
      "val_acc": 0.9985015190081288,
      "val_precision": 0.9993619930123044,
      "val_recall": 0.9984216596855461,
      "val_f1": 0.9988916050469929,
      "val_auc": 0.9999786337790466,
      "val_apcer": 0.001578340314453955,
      "val_bpcer": 0.0013316423589093216,
      "val_acer": 0.0014549913366816384,
      "val_threshold": 0.7772222222222223,
      "val_tn": 15749,
      "val_fp": 21,
      "val_fn": 52,
      "val_tp": 32894,
      "test_acc": 0.7748101831174632,
      "test_precision": 0.9989437385442231,
      "test_recall": 0.6805723114695112,
      "test_f1": 0.8095825570270406,
      "test_auc": 0.9847892766731572,
      "test_apcer": 0.3194276885304887,
      "test_bpcer": 0.0017065702956382072,
      "test_acer": 0.16056712941306345,
      "test_threshold": 0.7772222222222223,
      "test_tn": 19889,
      "test_fp": 34,
      "test_fn": 15092,
      "test_tp": 32155
    },
    {
      "policy": "val_min_acer",
      "threshold": 0.774,
      "threshold_source": "val",
      "val_acc": 0.9985425732818787,
      "val_precision": 0.9993620317768934,
      "val_recall": 0.9984823650822559,
      "val_f1": 0.9989220047674718,
      "val_auc": 0.9999786337790466,
      "val_apcer": 0.0015176349177441874,
      "val_bpcer": 0.0013316423589093216,
      "val_acer": 0.0014246386383267545,
      "val_threshold": 0.774,
      "val_tn": 15749,
      "val_fp": 21,
      "val_fn": 50,
      "val_tp": 32896,
      "test_acc": 0.7750930474914396,
      "test_precision": 0.9989443616492797,
      "test_recall": 0.680974453404449,
      "test_f1": 0.8098672204392423,
      "test_auc": 0.9847892766731572,
      "test_apcer": 0.31902554659555105,
      "test_bpcer": 0.0017065702956382072,
      "test_acer": 0.16036605844559462,
      "test_threshold": 0.774,
      "test_tn": 19889,
      "test_fp": 34,
      "test_fn": 15073,
      "test_tp": 32174
    },
    {
      "policy": "val_target_bpcer_0.005",
      "threshold": 0.0595353313081437,
      "threshold_source": "val",
      "val_acc": 0.9981936119550046,
      "val_precision": 0.9976373659659539,
      "val_recall": 0.9996964730164511,
      "val_f1": 0.9986658580958157,
      "val_auc": 0.9999786337790466,
      "val_apcer": 0.0003035269835488375,
      "val_bpcer": 0.0049461001902346225,
      "val_acer": 0.00262481358689173,