{
  "checkpoint": "outputs\\runs\\aqb_z32_b8\\best.pt",
  "threshold": 0.016121212121212123,
  "threshold_source": "val_best_metrics",
  "splits": {
    "val": {
      "split": "val",
      "metrics_at_checkpoint_threshold": {
        "acc": 0.9992815502093768,
        "precision": 0.99969633476056,
        "recall": 0.9992411825411279,
        "f1": 0.9994687068324302,
        "auc": 0.9999914523567918,
        "apcer": 0.0007588174588720937,
        "bpcer": 0.0006341154090044388,
        "acer": 0.0006964664339382663,
        "threshold": 0.016121212121212123,
        "tn": 15760,
        "fp": 10,
        "fn": 25,
        "tp": 32921
      },
      "metrics_at_0_5": {
        "acc": 0.9975983249856311,
        "precision": 0.9998477420140687,
        "recall": 0.996600497784253,
        "f1": 0.9982214790605761,
        "auc": 0.9999914523567918,
        "apcer": 0.0033995022157469797,
        "bpcer": 0.0003170577045022194,
        "acer": 0.0018582799601245996,
        "threshold": 0.5,
        "tn": 15765,
        "fp": 5,
        "fn": 112,
        "tp": 32834
      },
      "best_threshold_on_split": 0.016,
      "metrics_at_best_split_threshold": {
        "acc": 0.9992815502093768,
        "precision": 0.99969633476056,
        "recall": 0.9992411825411279,
        "f1": 0.9994687068324302,
        "auc": 0.9999914523567918,
        "apcer": 0.0007588174588720937,
        "bpcer": 0.0006341154090044388,
        "acer": 0.0006964664339382663,
        "threshold": 0.016,
        "tn": 15760,
        "fp": 10,
        "fn": 25,
        "tp": 32921
      },
      "score_summary": {
        "count": 48716,
        "score_min": 7.866888154239859e-07,
        "score_p01": 1.0635342448495067e-06,
        "score_p05": 1.362493946999166e-06,
        "score_p50": 0.9999963045120239,
        "score_p95": 1.0,
        "score_p99": 1.0,
        "score_max": 1.0,
        "live_count": 15770,
        "live_mean": 0.000348000547175935,
        "live_p05": 1.1208335024548433e-06,
        "live_p50": 2.0481633100644103e-06,
        "live_p95": 2.530511628719975e-05,
        "spoof_count": 32946,
        "spoof_mean": 0.9963325004009614,
        "spoof_p05": 0.9999067187309265,
        "spoof_p50": 0.9999991655349731,
        "spoof_p95": 1.0
      }
    },
    "test": {
      "split": "test",
      "metrics_at_checkpoint_threshold": {
        "acc": 0.8494714902486229,
        "precision": 0.9995964053166873,
        "recall": 0.7863144749931212,
        "f1": 0.8802198713468304,
        "auc": 0.9959504472773439,
        "apcer": 0.21368552500687873,
        "bpcer": 0.0007528986598403855,
        "acer": 0.10721921183335956,
        "threshold": 0.016121212121212123,
        "tn": 19908,
        "fp": 15,
        "fn": 10096,
        "tp": 37151
      },
      "metrics_at_0_5": {
        "acc": 0.7773261872859908,
        "precision": 0.99975236798118,
        "recall": 0.6835989586640422,
        "f1": 0.8119869772353022,
        "auc": 0.9959504472773439,
        "apcer": 0.3164010413359578,
        "bpcer": 0.00040154595191487224,
        "acer": 0.15840129364393635,
        "threshold": 0.5,
        "tn": 19915,
        "fp": 8,
        "fn": 14949,
        "tp": 32298
      },
      "best_threshold_on_split": 0.001,
      "metrics_at_best_split_threshold": {
        "acc": 0.9119994044960548,
        "precision": 0.9985045827303425,
        "recall": 0.8762037801341884,
        "f1": 0.9333648979223736,
        "auc": 0.9959504472773439,
        "apcer": 0.12379621986581159,
        "bpcer": 0.00311198112734026,
        "acer": 0.06345410049657592,
        "threshold": 0.001,
        "tn": 19861,
        "fp": 62,
        "fn": 5849,
        "tp": 41398
      },
      "score_summary": {
        "count": 67170,
        "score_min": 8.049153734646097e-07,
        "score_p01": 1.0670454571481968e-06,
        "score_p05": 1.3689539514416539e-06,
        "score_p50": 0.24024540185928345,
        "score_p95": 0.9999990463256836,
        "score_p99": 0.9999998807907104,
        "score_max": 1.0,
        "live_count": 19923,
        "live_mean": 0.00038759919831349407,
        "live_p05": 1.1105129715360818e-06,
        "live_p50": 1.9644899111881386e-06,
        "live_p95": 2.6604650702210953e-05,
        "spoof_count": 47247,
        "spoof_mean": 0.6837244449057863,
        "spoof_p05": 9.10765360458754e-05,
        "spoof_p50": 0.9989649057388306,
        "spoof_p95": 0.9999995231628418
      }
    }
  },
  "threshold_policy_comparison": [
    {
      "policy": "fixed_0_5",
      "threshold": 0.5,
      "threshold_source": "fixed",
      "val_acc": 0.9975983249856311,
      "val_precision": 0.9998477420140687,
      "val_recall": 0.996600497784253,
      "val_f1": 0.9982214790605761,
      "val_auc": 0.9999914523567918,
      "val_apcer": 0.0033995022157469797,
      "val_bpcer": 0.0003170577045022194,
      "val_acer": 0.0018582799601245996,
      "val_threshold": 0.5,
      "val_tn": 15765,
      "val_fp": 5,
      "val_fn": 112,
      "val_tp": 32834,
      "test_acc": 0.7773261872859908,
      "test_precision": 0.99975236798118,
      "test_recall": 0.6835989586640422,
      "test_f1": 0.8119869772353022,
      "test_auc": 0.9959504472773439,
      "test_apcer": 0.3164010413359578,
      "test_bpcer": 0.00040154595191487224,
      "test_acer": 0.15840129364393635,
      "test_threshold": 0.5,
      "test_tn": 19915,
      "test_fp": 8,
      "test_fn": 14949,
      "test_tp": 32298
    },
    {
      "policy": "checkpoint_threshold",
      "threshold": 0.016121212121212123,
      "threshold_source": "best_metrics_json",
      "val_acc": 0.9992815502093768,
      "val_precision": 0.99969633476056,
      "val_recall": 0.9992411825411279,
      "val_f1": 0.9994687068324302,
      "val_auc": 0.9999914523567918,
      "val_apcer": 0.0007588174588720937,
      "val_bpcer": 0.0006341154090044388,
      "val_acer": 0.0006964664339382663,
      "val_threshold": 0.016121212121212123,
      "val_tn": 15760,
      "val_fp": 10,
      "val_fn": 25,
      "val_tp": 32921,
      "test_acc": 0.8494714902486229,
      "test_precision": 0.9995964053166873,
      "test_recall": 0.7863144749931212,
      "test_f1": 0.8802198713468304,
      "test_auc": 0.9959504472773439,
      "test_apcer": 0.21368552500687873,
      "test_bpcer": 0.0007528986598403855,
      "test_acer": 0.10721921183335956,
      "test_threshold": 0.016121212121212123,
      "test_tn": 19908,
      "test_fp": 15,
      "test_fn": 10096,
      "test_tp": 37151
    },
    {
      "policy": "val_min_acer",
      "threshold": 0.016,
      "threshold_source": "val",
      "val_acc": 0.9992815502093768,
      "val_precision": 0.99969633476056,
      "val_recall": 0.9992411825411279,
      "val_f1": 0.9994687068324302,
      "val_auc": 0.9999914523567918,
      "val_apcer": 0.0007588174588720937,
      "val_bpcer": 0.0006341154090044388,
      "val_acer": 0.0006964664339382663,
      "val_threshold": 0.016,
      "val_tn": 15760,
      "val_fp": 10,
      "val_fn": 25,
      "val_tp": 32921,
      "test_acc": 0.849650141432187,
      "test_precision": 0.9995965355855614,
      "test_recall": 0.7865684593730818,
      "test_f1": 0.8803790346461356,
      "test_auc": 0.9959504472773439,
      "test_apcer": 0.2134315406269181,
      "test_bpcer": 0.0007528986598403855,
      "test_acer": 0.10709221964337924,
      "test_threshold": 0.016,
      "test_tn": 19908,
      "test_fp": 15,
      "test_fn": 10084,
      "test_tp": 37163
    },
    {
      "policy": "val_target_bpcer_0.005",
      "threshold": 0.0006742622241778335,
      "threshold_source": "val",
      "val_acc": 0.9982962476393793,
      "val_precision": 0.997667868067965,
      "val_recall": 0.9998178838098707,
      "val_f1": 0.9987417188423814,
      "val_auc": 0.9999914523567918,
      "val_apcer": 0.00018211619012930248,
      "val_bpcer": 0.004882688649334179,
      "val_acer": 0.0025324024197317407,