{
  "checkpoint": "outputs\\runs\\ablation_proto\\best.pt",
  "threshold": 0.274,
  "threshold_source": "val_best_metrics",
  "splits": {
    "val": {
      "split": "val",
      "metrics_at_checkpoint_threshold": {
        "acc": 0.998788898924378,
        "precision": 0.9996657449329971,
        "recall": 0.9985430704789656,
        "f1": 0.9991040923240453,
        "auc": 0.999991411937853,
        "apcer": 0.0014569295210344199,
        "bpcer": 0.0006975269499048827,
        "acer": 0.0010772282354696513,
        "threshold": 0.274,
        "tn": 15759,
        "fp": 11,
        "fn": 48,
        "tp": 32898
      },
      "metrics_at_0_5": {
        "acc": 0.9985015190081288,
        "precision": 0.9997871499376654,
        "recall": 0.9979967219085777,
        "f1": 0.998891133625993,
        "auc": 0.999991411937853,
        "apcer": 0.0020032780914223274,
        "bpcer": 0.00044388078630310716,
        "acer": 0.0012235794388627172,
        "threshold": 0.5,
        "tn": 15763,
        "fp": 7,
        "fn": 66,
        "tp": 32880
      },
      "best_threshold_on_split": 0.274,
      "metrics_at_best_split_threshold": {
        "acc": 0.998788898924378,
        "precision": 0.9996657449329971,
        "recall": 0.9985430704789656,
        "f1": 0.9991040923240453,
        "auc": 0.999991411937853,
        "apcer": 0.0014569295210344199,
        "bpcer": 0.0006975269499048827,
        "acer": 0.0010772282354696513,
        "threshold": 0.274,
        "tn": 15759,
        "fp": 11,
        "fn": 48,
        "tp": 32898
      },
      "score_summary": {
        "count": 48716,
        "score_min": 2.924612090282608e-06,
        "score_p01": 4.868966902904503e-06,
        "score_p05": 7.590264317514084e-06,
        "score_p50": 0.9999659061431885,
        "score_p95": 0.9999995231628418,
        "score_p99": 0.9999998807907104,
        "score_max": 1.0,
        "live_count": 15770,
        "live_mean": 0.0008236252728665822,
        "live_p05": 5.305021113599651e-06,
        "live_p50": 1.998325842578197e-05,
        "live_p95": 0.0002263905356812753,
        "spoof_count": 32946,
        "spoof_mean": 0.997578081209073,
        "spoof_p05": 0.9994189143180847,
        "spoof_p50": 0.9999933242797852,
        "spoof_p95": 0.9999996423721313
      }
    },
    "test": {
      "split": "test",
      "metrics_at_checkpoint_threshold": {
        "acc": 0.8038112252493673,
        "precision": 0.99970665023908,
        "recall": 0.7212944737231993,
        "f1": 0.8379807219435428,
        "auc": 0.9951957797908852,
        "apcer": 0.2787055262768006,
        "bpcer": 0.0005019324398935904,
        "acer": 0.1396037293583471,
        "threshold": 0.274,
        "tn": 19913,
        "fp": 10,
        "fn": 13168,
        "tp": 34079
      },
      "metrics_at_0_5": {
        "acc": 0.7838916182819711,
        "precision": 0.999786226904871,
        "recall": 0.6929117192625986,
        "f1": 0.8185318531853185,
        "auc": 0.9951957797908852,
        "apcer": 0.3070882807374013,
        "bpcer": 0.0003513527079255132,
        "acer": 0.1537198167226634,
        "threshold": 0.5,
        "tn": 19916,
        "fp": 7,
        "fn": 14509,
        "tp": 32738
      },
      "best_threshold_on_split": 0.001,
      "metrics_at_best_split_threshold": {
        "acc": 0.949739467023969,
        "precision": 0.9942320257756349,
        "recall": 0.9339640612102356,
        "f1": 0.9631561715595329,
        "auc": 0.9951957797908852,
        "apcer": 0.06603593878976442,
        "bpcer": 0.012849470461275912,
        "acer": 0.039442704625520165,
        "threshold": 0.001,
        "tn": 19667,
        "fp": 256,
        "fn": 3120,
        "tp": 44127
      },
      "score_summary": {
        "count": 67170,
        "score_min": 2.7082783162768465e-06,
        "score_p01": 4.81106296319922e-06,
        "score_p05": 7.563303415736301e-06,
        "score_p50": 0.3477185219526291,
        "score_p95": 0.999995231628418,
        "score_p99": 0.9999986886978149,
        "score_max": 1.0,
        "live_count": 19923,
        "live_mean": 0.000600742352717224,
        "live_p05": 5.22978293702181e-06,
        "live_p50": 1.8723443645285442e-05,
        "live_p95": 0.00020565722661558522,
        "spoof_count": 47247,
        "spoof_mean": 0.6916575297740356,
        "spoof_p05": 0.0006118071789387614,
        "spoof_p50": 0.9954932928085327,
        "spoof_p95": 0.9999966621398926
      }
    }
  },
  "threshold_policy_comparison": [
    {
      "policy": "fixed_0_5",
      "threshold": 0.5,
      "threshold_source": "fixed",
      "val_acc": 0.9985015190081288,
      "val_precision": 0.9997871499376654,
      "val_recall": 0.9979967219085777,
      "val_f1": 0.998891133625993,
      "val_auc": 0.999991411937853,
      "val_apcer": 0.0020032780914223274,
      "val_bpcer": 0.00044388078630310716,
      "val_acer": 0.0012235794388627172,
      "val_threshold": 0.5,
      "val_tn": 15763,
      "val_fp": 7,
      "val_fn": 66,
      "val_tp": 32880,
      "test_acc": 0.7838916182819711,
      "test_precision": 0.999786226904871,
      "test_recall": 0.6929117192625986,
      "test_f1": 0.8185318531853185,
      "test_auc": 0.9951957797908852,
      "test_apcer": 0.3070882807374013,
      "test_bpcer": 0.0003513527079255132,
      "test_acer": 0.1537198167226634,
      "test_threshold": 0.5,
      "test_tn": 19916,
      "test_fp": 7,
      "test_fn": 14509,
      "test_tp": 32738
    },
    {
      "policy": "checkpoint_threshold",
      "threshold": 0.274,
      "threshold_source": "best_metrics_json",
      "val_acc": 0.998788898924378,
      "val_precision": 0.9996657449329971,
      "val_recall": 0.9985430704789656,
      "val_f1": 0.9991040923240453,
      "val_auc": 0.999991411937853,
      "val_apcer": 0.0014569295210344199,
      "val_bpcer": 0.0006975269499048827,
      "val_acer": 0.0010772282354696513,
      "val_threshold": 0.274,
      "val_tn": 15759,
      "val_fp": 11,
      "val_fn": 48,
      "val_tp": 32898,
      "test_acc": 0.8038112252493673,
      "test_precision": 0.99970665023908,
      "test_recall": 0.7212944737231993,
      "test_f1": 0.8379807219435428,
      "test_auc": 0.9951957797908852,
      "test_apcer": 0.2787055262768006,
      "test_bpcer": 0.0005019324398935904,
      "test_acer": 0.1396037293583471,
      "test_threshold": 0.274,
      "test_tn": 19913,
      "test_fp": 10,
      "test_fn": 13168,
      "test_tp": 34079
    },
    {
      "policy": "val_min_acer",
      "threshold": 0.274,
      "threshold_source": "val",
      "val_acc": 0.998788898924378,
      "val_precision": 0.9996657449329971,
      "val_recall": 0.9985430704789656,
      "val_f1": 0.9991040923240453,
      "val_auc": 0.999991411937853,
      "val_apcer": 0.0014569295210344199,
      "val_bpcer": 0.0006975269499048827,
      "val_acer": 0.0010772282354696513,
      "val_threshold": 0.274,
      "val_tn": 15759,
      "val_fp": 11,
      "val_fn": 48,
      "val_tp": 32898,
      "test_acc": 0.8038112252493673,
      "test_precision": 0.99970665023908,
      "test_recall": 0.7212944737231993,
      "test_f1": 0.8379807219435428,
      "test_auc": 0.9951957797908852,
      "test_apcer": 0.2787055262768006,
      "test_bpcer": 0.0005019324398935904,
      "test_acer": 0.1396037293583471,
      "test_threshold": 0.274,
      "test_tn": 19913,
      "test_fp": 10,
      "test_fn": 13168,
      "test_tp": 34079
    },
    {
      "policy": "val_target_bpcer_0.005",
      "threshold": 0.005831305113526219,
      "threshold_source": "val",
      "val_acc": 0.9982141390918795,
      "val_precision": 0.9976374375283962,
      "val_recall": 0.9997268257148061,
      "val_f1": 0.998681038795652,
      "val_auc": 0.999991411937853,
      "val_apcer": 0.00027317428519395374,
      "val_bpcer": 0.0049461001902346225,
      "val_acer": 0.002609637237714288,
      "val_threshold": 0.005831305113526219,
      "val_tn": 15692,
      "val_fp": 78,
      "val_fn": 9,