{
  "checkpoint": "outputs\\runs\\baseline_mbv3\\best.pt",
  "threshold": 0.999,
  "threshold_source": "val_best_metrics",
  "splits": {
    "val": {
      "split": "val",
      "metrics_at_checkpoint_threshold": {
        "acc": 0.9990762788406273,
        "precision": 0.9992412976844406,
        "recall": 0.9993929460329023,
        "f1": 0.9993171161054373,
        "auc": 0.9999232646446188,
        "apcer": 0.000607053967097675,
        "bpcer": 0.0015852885225110971,
        "acer": 0.0010961712448043861,
        "threshold": 0.999,
        "tn": 15745,
        "fp": 25,
        "fn": 20,
        "tp": 32926
      },
      "metrics_at_0_5": {
        "acc": 0.9953403399293866,
        "precision": 0.9931868198124868,
        "recall": 0.9999696473016452,
        "f1": 0.996566692378662,
        "auc": 0.9999232646446188,
        "apcer": 3.0352698354883748e-05,
        "bpcer": 0.014331008243500316,
        "acer": 0.0071806804709276,
        "threshold": 0.5,
        "tn": 15544,
        "fp": 226,
        "fn": 1,
        "tp": 32945
      },
      "best_threshold_on_split": 0.999,
      "metrics_at_best_split_threshold": {
        "acc": 0.9990762788406273,
        "precision": 0.9992412976844406,
        "recall": 0.9993929460329023,
        "f1": 0.9993171161054373,
        "auc": 0.9999232646446188,
        "apcer": 0.000607053967097675,
        "bpcer": 0.0015852885225110971,
        "acer": 0.0010961712448043861,
        "threshold": 0.999,
        "tn": 15745,
        "fp": 25,
        "fn": 20,
        "tp": 32926
      },
      "score_summary": {
        "count": 48716,
        "score_min": 0.0,
        "score_p01": 4.345997765419337e-33,
        "score_p05": 2.1338115194051432e-15,
        "score_p50": 1.0,
        "score_p95": 1.0,
        "score_p99": 1.0,
        "score_max": 1.0,
        "live_count": 15770,
        "live_mean": 0.015235815514695909,
        "live_p05": 1.1526451299991401e-28,
        "live_p50": 2.7928757084794142e-08,
        "live_p95": 0.005008779256604602,
        "spoof_count": 32946,
        "spoof_mean": 0.9999594826780223,
        "spoof_p05": 1.0,
        "spoof_p50": 1.0,
        "spoof_p95": 1.0
      }
    },
    "test": {
      "split": "test",
      "metrics_at_checkpoint_threshold": {
        "acc": 0.8434866755992259,
        "precision": 0.9988863537592351,
        "recall": 0.7783562977543548,
        "f1": 0.8749390338198731,
        "auc": 0.9944696568103791,
        "apcer": 0.22164370224564522,
        "bpcer": 0.00205792300356372,
        "acer": 0.11185081262460447,
        "threshold": 0.999,
        "tn": 19882,
        "fp": 41,
        "fn": 10472,
        "tp": 36775
      },
      "metrics_at_0_5": {
        "acc": 0.9415512877772815,
        "precision": 0.9935291303059992,
        "recall": 0.922915740681948,
        "f1": 0.9569215238764045,
        "auc": 0.9944696568103791,
        "apcer": 0.07708425931805193,
        "bpcer": 0.014254881292977965,
        "acer": 0.04566957030551495,
        "threshold": 0.5,
        "tn": 19639,
        "fp": 284,
        "fn": 3642,
        "tp": 43605
      },
      "best_threshold_on_split": 0.024,
      "metrics_at_best_split_threshold": {
        "acc": 0.9642548756885514,
        "precision": 0.9846749092166696,
        "recall": 0.9641882024255508,
        "f1": 0.9743238763354044,
        "auc": 0.9944696568103791,
        "apcer": 0.03581179757444917,
        "bpcer": 0.035587009988455556,
        "acer": 0.035699403781452366,
        "threshold": 0.024,
        "tn": 19214,
        "fp": 709,
        "fn": 1692,
        "tp": 45555
      },
      "score_summary": {
        "count": 67170,
        "score_min": 0.0,
        "score_p01": 1.2362960201086285e-34,
        "score_p05": 1.6709719488363265e-15,
        "score_p50": 0.9998853802680969,
        "score_p95": 1.0,
        "score_p99": 1.0,
        "score_max": 1.0,
        "live_count": 19923,
        "live_mean": 0.0156754268183389,
        "live_p05": 1.6477348746380192e-30,
        "live_p50": 2.7530422386234932e-08,
        "live_p95": 0.0063338421750813384,
        "spoof_count": 47247,
        "spoof_mean": 0.9196828390542547,
        "spoof_p05": 0.10546351149678233,
        "spoof_p50": 0.9999998807907104,
        "spoof_p95": 1.0
      }
    }
  },
  "threshold_policy_comparison": [
    {
      "policy": "fixed_0_5",
      "threshold": 0.5,
      "threshold_source": "fixed",
      "val_acc": 0.9953403399293866,
      "val_precision": 0.9931868198124868,
      "val_recall": 0.9999696473016452,
      "val_f1": 0.996566692378662,
      "val_auc": 0.9999232646446188,
      "val_apcer": 3.0352698354883748e-05,
      "val_bpcer": 0.014331008243500316,
      "val_acer": 0.0071806804709276,
      "val_threshold": 0.5,
      "val_tn": 15544,
      "val_fp": 226,
      "val_fn": 1,
      "val_tp": 32945,
      "test_acc": 0.9415512877772815,
      "test_precision": 0.9935291303059992,
      "test_recall": 0.922915740681948,
      "test_f1": 0.9569215238764045,
      "test_auc": 0.9944696568103791,
      "test_apcer": 0.07708425931805193,
      "test_bpcer": 0.014254881292977965,
      "test_acer": 0.04566957030551495,
      "test_threshold": 0.5,
      "test_tn": 19639,
      "test_fp": 284,
      "test_fn": 3642,
      "test_tp": 43605
    },
    {
      "policy": "checkpoint_threshold",
      "threshold": 0.999,
      "threshold_source": "best_metrics_json",
      "val_acc": 0.9990762788406273,
      "val_precision": 0.9992412976844406,
      "val_recall": 0.9993929460329023,
      "val_f1": 0.9993171161054373,
      "val_auc": 0.9999232646446188,
      "val_apcer": 0.000607053967097675,
      "val_bpcer": 0.0015852885225110971,
      "val_acer": 0.0010961712448043861,
      "val_threshold": 0.999,
      "val_tn": 15745,
      "val_fp": 25,
      "val_fn": 20,
      "val_tp": 32926,
      "test_acc": 0.8434866755992259,
      "test_precision": 0.9988863537592351,
      "test_recall": 0.7783562977543548,
      "test_f1": 0.8749390338198731,
      "test_auc": 0.9944696568103791,
      "test_apcer": 0.22164370224564522,
      "test_bpcer": 0.00205792300356372,
      "test_acer": 0.11185081262460447,
      "test_threshold": 0.999,
      "test_tn": 19882,
      "test_fp": 41,
      "test_fn": 10472,
      "test_tp": 36775
    },
    {
      "policy": "val_min_acer",
      "threshold": 0.999,
      "threshold_source": "val",
      "val_acc": 0.9990762788406273,
      "val_precision": 0.9992412976844406,
      "val_recall": 0.9993929460329023,
      "val_f1": 0.9993171161054373,
      "val_auc": 0.9999232646446188,
      "val_apcer": 0.000607053967097675,
      "val_bpcer": 0.0015852885225110971,
      "val_acer": 0.0010961712448043861,
      "val_threshold": 0.999,
      "val_tn": 15745,
      "val_fp": 25,
      "val_fn": 20,
      "val_tp": 32926,
      "test_acc": 0.8434866755992259,
      "test_precision": 0.9988863537592351,
      "test_recall": 0.7783562977543548,
      "test_f1": 0.8749390338198731,
      "test_auc": 0.9944696568103791,
      "test_apcer": 0.22164370224564522,
      "test_bpcer": 0.00205792300356372,
      "test_acer": 0.11185081262460447,
      "test_threshold": 0.999,
      "test_tn": 19882,
      "test_fp": 41,
      "test_fn": 10472,
      "test_tp": 36775
    },
    {
      "policy": "val_target_bpcer_0.005",
      "threshold": 0.973,
      "threshold_source": "val",
      "val_acc": 0.9983167747762542,
      "val_precision": 0.9976377952755906,
      "val_recall": 0.9998785892065805,
      "val_f1": 0.998756935390959,
      "val_auc": 0.9999232646446188,
      "val_apcer": 0.00012141079341953499,
      "val_bpcer": 0.0049461001902346225,
      "val_acer": 0.0025337554918270786,
      "val_threshold": 0.973,
      "val_tn": 15692,
      "val_fp": 78,
      "val_fn": 4,
      "val_tp": 32942,
      "test_acc": 0.8988089921095728,
      "test_precision": 0.9973197600078686,
      "test_recall": 0.8584460389019408,
      "test_f1": 0.9226866860035261,