{
  "checkpoint": "outputs\\runs\\aqb_z64_b8\\best.pt",
  "threshold": 0.8175454545454546,
  "threshold_source": "val_best_metrics",
  "splits": {
    "val": {
      "split": "val",
      "metrics_at_checkpoint_threshold": {
        "acc": 0.9994252401675014,
        "precision": 0.9997874407870764,
        "recall": 0.9993625933345475,
        "f1": 0.9995749719177874,
        "auc": 0.9999972380391795,
        "apcer": 0.0006374066654525587,
        "bpcer": 0.00044388078630310716,
        "acer": 0.0005406437258778329,
        "threshold": 0.8175454545454546,
        "tn": 15763,
        "fp": 7,
        "fn": 21,
        "tp": 32925
      },
      "metrics_at_0_5": {
        "acc": 0.9994457673043764,
        "precision": 0.9995750751206484,
        "recall": 0.9996054149213865,
        "f1": 0.9995902447907972,
        "auc": 0.9999972380391795,
        "apcer": 0.00039458507861348874,
        "bpcer": 0.0008877615726062143,
        "acer": 0.0006411733256098516,
        "threshold": 0.5,
        "tn": 15756,
        "fp": 14,
        "fn": 13,
        "tp": 32933
      },
      "best_threshold_on_split": 0.8130000000000001,
      "metrics_at_best_split_threshold": {
        "acc": 0.9994252401675014,
        "precision": 0.9997874407870764,
        "recall": 0.9993625933345475,
        "f1": 0.9995749719177874,
        "auc": 0.9999972380391795,
        "apcer": 0.0006374066654525587,
        "bpcer": 0.00044388078630310716,
        "acer": 0.0005406437258778329,
        "threshold": 0.8130000000000001,
        "tn": 15763,
        "fp": 7,
        "fn": 21,
        "tp": 32925
      },
      "score_summary": {
        "count": 48716,
        "score_min": 1.8061298234783862e-08,
        "score_p01": 5.837706975597712e-08,
        "score_p05": 1.5852829093887522e-07,
        "score_p50": 0.9999935626983643,
        "score_p95": 0.9999998807907104,
        "score_p99": 1.0,
        "score_max": 1.0,
        "live_count": 15770,
        "live_mean": 0.0009868617503408035,
        "live_p05": 7.464348179553326e-08,
        "live_p50": 8.587142588112329e-07,
        "live_p95": 7.566620079160181e-05,
        "spoof_count": 32946,
        "spoof_mean": 0.9993962450759486,
        "spoof_p05": 0.9998944997787476,
        "spoof_p50": 0.9999983310699463,
        "spoof_p95": 0.9999998807907104
      }
    },
    "test": {
      "split": "test",
      "metrics_at_checkpoint_threshold": {
        "acc": 0.8020098258150961,
        "precision": 0.9998527592908888,
        "recall": 0.7186276377336127,
        "f1": 0.8362292962256018,
        "auc": 0.995189541622775,
        "apcer": 0.2813723622663873,
        "bpcer": 0.0002509662199467952,
        "acer": 0.14081166424316705,
        "threshold": 0.8175454545454546,
        "tn": 19918,
        "fp": 5,
        "fn": 13294,
        "tp": 33953
      },
      "metrics_at_0_5": {
        "acc": 0.8309662051511091,
        "precision": 0.9997772146258598,
        "recall": 0.759857768747222,
        "f1": 0.8634614459569965,
        "auc": 0.995189541622775,
        "apcer": 0.24014223125277795,
        "bpcer": 0.00040154595191487224,
        "acer": 0.12027188860234642,
        "threshold": 0.5,
        "tn": 19915,
        "fp": 8,
        "fn": 11346,
        "tp": 35901
      },
      "best_threshold_on_split": 0.001,
      "metrics_at_best_split_threshold": {
        "acc": 0.9594312937323209,
        "precision": 0.9954816595441596,
        "recall": 0.9466209494782738,
        "f1": 0.9704366693788988,
        "auc": 0.995189541622775,
        "apcer": 0.05337905052172625,
        "bpcer": 0.010189228529839884,
        "acer": 0.031784139525783066,
        "threshold": 0.001,
        "tn": 19720,
        "fp": 203,
        "fn": 2522,
        "tp": 44725
      },
      "score_summary": {
        "count": 67170,
        "score_min": 1.8136759649678424e-08,
        "score_p01": 7.362148465972496e-08,
        "score_p05": 2.1505428620116622e-07,
        "score_p50": 0.8550914227962494,
        "score_p95": 0.999997615814209,
        "score_p99": 0.9999994039535522,
        "score_max": 1.0,
        "live_count": 19923,
        "live_mean": 0.0005615481878967942,
        "live_p05": 9.073892215383239e-08,
        "live_p50": 9.95086224975239e-07,
        "live_p95": 8.139266865327923e-05,
        "spoof_count": 47247,
        "spoof_mean": 0.7593978879111193,
        "spoof_p05": 0.0008462722820695493,
        "spoof_p50": 0.9996405839920044,
        "spoof_p95": 0.9999983310699463
      }
    }
  },
  "threshold_policy_comparison": [
    {
      "policy": "fixed_0_5",
      "threshold": 0.5,
      "threshold_source": "fixed",
      "val_acc": 0.9994457673043764,
      "val_precision": 0.9995750751206484,
      "val_recall": 0.9996054149213865,
      "val_f1": 0.9995902447907972,
      "val_auc": 0.9999972380391795,
      "val_apcer": 0.00039458507861348874,
      "val_bpcer": 0.0008877615726062143,
      "val_acer": 0.0006411733256098516,
      "val_threshold": 0.5,
      "val_tn": 15756,
      "val_fp": 14,
      "val_fn": 13,
      "val_tp": 32933,
      "test_acc": 0.8309662051511091,
      "test_precision": 0.9997772146258598,
      "test_recall": 0.759857768747222,
      "test_f1": 0.8634614459569965,
      "test_auc": 0.995189541622775,
      "test_apcer": 0.24014223125277795,
      "test_bpcer": 0.00040154595191487224,
      "test_acer": 0.12027188860234642,
      "test_threshold": 0.5,
      "test_tn": 19915,
      "test_fp": 8,
      "test_fn": 11346,
      "test_tp": 35901
    },
    {
      "policy": "checkpoint_threshold",
      "threshold": 0.8175454545454546,
      "threshold_source": "best_metrics_json",
      "val_acc": 0.9994252401675014,
      "val_precision": 0.9997874407870764,
      "val_recall": 0.9993625933345475,
      "val_f1": 0.9995749719177874,
      "val_auc": 0.9999972380391795,
      "val_apcer": 0.0006374066654525587,
      "val_bpcer": 0.00044388078630310716,
      "val_acer": 0.0005406437258778329,
      "val_threshold": 0.8175454545454546,
      "val_tn": 15763,
      "val_fp": 7,
      "val_fn": 21,
      "val_tp": 32925,
      "test_acc": 0.8020098258150961,
      "test_precision": 0.9998527592908888,
      "test_recall": 0.7186276377336127,
      "test_f1": 0.8362292962256018,
      "test_auc": 0.995189541622775,
      "test_apcer": 0.2813723622663873,
      "test_bpcer": 0.0002509662199467952,
      "test_acer": 0.14081166424316705,
      "test_threshold": 0.8175454545454546,
      "test_tn": 19918,
      "test_fp": 5,
      "test_fn": 13294,
      "test_tp": 33953
    },
    {
      "policy": "val_min_acer",
      "threshold": 0.8130000000000001,
      "threshold_source": "val",
      "val_acc": 0.9994252401675014,
      "val_precision": 0.9997874407870764,
      "val_recall": 0.9993625933345475,
      "val_f1": 0.9995749719177874,
      "val_auc": 0.9999972380391795,
      "val_apcer": 0.0006374066654525587,
      "val_bpcer": 0.00044388078630310716,
      "val_acer": 0.0005406437258778329,
      "val_threshold": 0.8130000000000001,
      "val_tn": 15763,
      "val_fp": 7,
      "val_fn": 21,
      "val_tp": 32925,
      "test_acc": 0.80262021735894,
      "test_precision": 0.9998529368510839,
      "test_recall": 0.7194954176984782,
      "test_f1": 0.8368165817394088,
      "test_auc": 0.995189541622775,
      "test_apcer": 0.2805045823015218,
      "test_bpcer": 0.0002509662199467952,
      "test_acer": 0.1403777742607343,
      "test_threshold": 0.8130000000000001,
      "test_tn": 19918,
      "test_fp": 5,
      "test_fn": 13253,
      "test_tp": 33994
    },
    {
      "policy": "val_target_bpcer_0.005",
      "threshold": 0.006162966255132942,
      "threshold_source": "val",
      "val_acc": 0.998398883323754,
      "val_precision": 0.9976682211858761,
      "val_recall": 0.9999696473016452,
      "val_f1": 0.9988176085374727,
      "val_auc": 0.9999972380391795,
      "val_apcer": 3.0352698354883748e-05,
      "val_bpcer": 0.004882688649334179,