{
  "epoch": 5,
  "train_loss": 0.0016532105128282538,
  "train_logs": {
    "loss_pad": 1.8845921658794396e-05,
    "loss_total": 1.8845921658794396e-05
  },
  "val_metrics": {
    "acc": 0.9990762788406273,
    "f1": 0.9993171161054373,
    "auc": 0.9999232646446189,
    "apcer": 0.000607053967097675,
    "bpcer": 0.0015852885225110971,
    "acer": 0.0010961712448043861,
    "threshold": 0.999,
    "tn": 15745,
    "fp": 25,
    "fn": 20,
    "tp": 32926
  }
}