{
  "epoch": 8,
  "train_loss": 0.0012280601200367854,
  "train_logs": {
    "loss_pad": 1.2220542885188479e-05,
    "loss_total": 1.2220542885188479e-05
  },
  "val_metrics": {
    "acc": 0.9991173331143772,
    "f1": 0.9993475259092909,
    "auc": 0.9999217017789838,
    "apcer": 0.00048564317367813997,
    "bpcer": 0.0017121116043119849,
    "acer": 0.0010988773889950623,
    "threshold": 0.999,
    "tn": 15743,
    "fp": 27,
    "fn": 16,
    "tp": 32930
  }
}